,Entity,Code,Year,Animal protein,Plant protein,Fat,Carbohydrates
0,Afghanistan,AFG,2007,45.84,178.16,288.81,1533.19
1,Afghanistan,AFG,2008,47.2,180.64,267.48,1545.68
2,Afghanistan,AFG,2009,46.72,184.44,276.48,1573.36
3,Afghanistan,AFG,2010,48.44,184.12,304.92,1566.52
4,Afghanistan,AFG,2011,48.72,186.92,297.72,1573.64
5,Albania,ALB,2007,200.72,188.4,821.61,1649.27
6,Albania,ALB,2008,213.16,194.64,858.78,1680.42
7,Albania,ALB,2009,216.12,191.52,917.19,1668.17
8,Albania,ALB,2010,225.24,201.56,918.63,1730.57
9,Albania,ALB,2011,227.64,206.72,924.3,1773.34
10,Algeria,DZA,2007,87.64,245.2,603.99,2104.17
11,Algeria,DZA,2008,85.28,248.52,604.98,2109.22
12,Algeria,DZA,2009,91.12,255.0,588.96,2174.92
13,Algeria,DZA,2010,90.16,253.6,622.26,2175.98
14,Algeria,DZA,2011,100.12,260.24,682.47,2174.17
15,Angola,AGO,2007,60.12,131.48,422.91,1558.49
16,Angola,AGO,2008,64.08,141.2,435.78,1603.94
17,Angola,AGO,2009,59.16,146.8,442.8,1654.24
18,Angola,AGO,2010,63.72,150.44,447.39,1683.45
19,Angola,AGO,2011,69.28,154.88,472.68,1710.16
20,Antigua and Barbuda,ATG,2007,236.8,97.96,764.46,1311.78
21,Antigua and Barbuda,ATG,2008,240.2,100.96,746.1,1292.74
22,Antigua and Barbuda,ATG,2009,235.36,98.4,747.18,1241.06
23,Antigua and Barbuda,ATG,2010,227.84,98.28,748.08,1241.8
24,Antigua and Barbuda,ATG,2011,229.12,110.08,783.36,1246.44
25,Argentina,ARG,2007,253.56,141.76,996.75,1752.93
26,Argentina,ARG,2008,255.52,141.88,1001.61,1758.99
27,Argentina,ARG,2009,253.32,140.16,998.37,1740.15
28,Argentina,ARG,2010,255.8,141.44,1013.4,1744.36
29,Argentina,ARG,2011,261.4,141.08,1010.97,1747.55
30,Armenia,ARM,2007,139.84,189.04,689.58,1742.54
31,Armenia,ARM,2008,154.88,195.52,735.03,1783.57
32,Armenia,ARM,2009,151.84,186.48,700.83,1779.85
33,Armenia,ARM,2010,156.76,177.2,736.83,1697.21
34,Armenia,ARM,2011,158.4,185.6,748.8,1695.2
35,Australia,AUS,2007,292.92,140.4,1295.37,1469.31
36,Australia,AUS,2008,276.92,148.88,1269.0,1504.2
37,Australia,AUS,2009,272.2,141.12,1292.58,1499.1
38,Australia,AUS,2010,278.96,136.2,1313.1,1484.74
39,Australia,AUS,2011,287.44,136.08,1337.4,1476.08
40,Austria,AUT,2007,242.16,172.52,1464.93,1857.39
41,Austria,AUT,2008,237.2,169.92,1456.74,1853.14
42,Austria,AUT,2009,239.92,169.52,1510.38,1803.18
43,Austria,AUT,2010,242.16,164.84,1532.52,1784.48
44,Austria,AUT,2011,243.08,170.0,1495.62,1826.3
45,Azerbaijan,AZE,2007,87.64,263.4,432.0,2235.96
46,Azerbaijan,AZE,2008,91.08,265.2,444.51,2225.21
47,Azerbaijan,AZE,2009,103.92,253.56,475.74,2161.78
48,Azerbaijan,AZE,2010,113.6,242.28,512.19,2104.93
49,Azerbaijan,AZE,2011,118.72,247.96,521.1,2151.22
50,Bahamas,BHS,2007,221.08,112.72,835.92,1435.28
51,Bahamas,BHS,2008,222.76,109.8,841.86,1410.58
52,Bahamas,BHS,2009,238.44,111.64,882.99,1385.93
53,Bahamas,BHS,2010,231.48,107.32,864.18,1395.02
54,Bahamas,BHS,2011,220.0,105.96,833.04,1409.0
55,Bangladesh,BGD,2007,33.44,181.64,257.58,1944.34
56,Bangladesh,BGD,2008,34.08,174.56,248.76,1928.6
57,Bangladesh,BGD,2009,37.0,183.92,264.87,1939.21
58,Bangladesh,BGD,2010,38.6,184.8,258.66,1956.94
59,Bangladesh,BGD,2011,39.16,179.08,266.49,1944.27
60,Barbados,BRB,2007,213.88,148.24,815.67,1728.21
61,Barbados,BRB,2008,200.4,146.76,822.15,1714.69
62,Barbados,BRB,2009,197.2,146.84,833.94,1731.02
63,Barbados,BRB,2010,200.6,145.28,821.07,1742.05
64,Barbados,BRB,2011,195.4,148.56,795.15,1752.89
65,Belarus,BLR,2007,205.0,163.04,1065.15,1752.81
66,Belarus,BLR,2008,202.48,160.96,1071.99,1764.57
67,Belarus,BLR,2009,210.56,155.68,998.1,1761.66
68,Belarus,BLR,2010,215.6,159.88,1115.64,1704.88
69,Belarus,BLR,2011,226.04,166.12,1208.07,1799.77
70,Belgium,BEL,2007,248.24,156.48,1486.8,1821.48
71,Belgium,BEL,2008,235.96,157.56,1461.24,1847.24
72,Belgium,BEL,2009,224.16,160.28,1434.69,1877.87
73,Belgium,BEL,2010,228.12,159.56,1451.43,1867.89
74,Belgium,BEL,2011,225.28,161.0,1509.3,1824.42
75,Belize,BLZ,2007,114.68,175.96,615.51,1886.85
76,Belize,BLZ,2008,108.72,168.44,621.36,1820.48
77,Belize,BLZ,2009,107.4,172.16,635.67,1847.77
78,Belize,BLZ,2010,112.6,176.96,660.69,1888.75
79,Belize,BLZ,2011,110.48,173.96,652.86,1823.7
80,Benin,BEN,2007,38.96,201.28,421.11,1902.65
81,Benin,BEN,2008,46.88,204.2,449.19,1820.73
82,Benin,BEN,2009,46.48,206.6,424.26,1887.66
83,Benin,BEN,2010,41.0,201.96,442.35,1869.69
84,Benin,BEN,2011,53.48,195.6,434.52,1914.4
85,Bermuda,BMU,2007,234.24,105.2,1051.92,1234.64
86,Bermuda,BMU,2008,255.48,104.88,1102.41,1238.23
87,Bermuda,BMU,2009,251.64,109.24,1077.57,1277.55
88,Bermuda,BMU,2010,230.24,111.6,1075.86,1259.3
89,Bermuda,BMU,2011,268.2,101.84,1071.63,1207.33
90,Bolivia,BOL,2007,119.12,134.0,448.2,1463.68
91,Bolivia,BOL,2008,123.08,130.52,456.3,1436.1
92,Bolivia,BOL,2009,115.44,136.36,418.05,1463.15
93,Bolivia,BOL,2010,119.84,139.8,437.31,1480.05
94,Bolivia,BOL,2011,121.04,142.52,464.85,1493.59
95,Bosnia and Herzegovina,BIH,2007,118.28,235.6,630.0,2080.12
96,Bosnia and Herzegovina,BIH,2008,121.72,241.72,649.17,2094.39
97,Bosnia and Herzegovina,BIH,2009,124.0,236.76,631.26,2086.98
98,Bosnia and Herzegovina,BIH,2010,121.88,235.8,668.88,2072.44
99,Bosnia and Herzegovina,BIH,2011,123.64,237.16,671.85,2101.35
100,Botswana,BWA,2007,90.88,138.52,501.48,1435.12
101,Botswana,BWA,2008,94.24,145.28,498.51,1445.97
102,Botswana,BWA,2009,99.08,157.68,521.91,1420.33
103,Botswana,BWA,2010,99.04,154.92,498.42,1481.62
104,Botswana,BWA,2011,100.88,153.96,545.22,1472.94
105,Brazil,BRA,2007,172.84,168.24,963.0,1801.92
106,Brazil,BRA,2008,183.6,170.72,1000.26,1823.42
107,Brazil,BRA,2009,185.96,168.2,994.68,1817.16
108,Brazil,BRA,2010,194.8,171.72,1016.91,1846.57
109,Brazil,BRA,2011,203.96,174.04,1041.48,1866.52
110,Brunei,BRN,2007,182.88,150.6,716.4,1865.12
111,Brunei,BRN,2008,187.6,152.76,744.75,1822.89
112,Brunei,BRN,2009,181.0,154.56,712.44,1844.0
113,Brunei,BRN,2010,187.76,153.08,721.8,1831.36
114,Brunei,BRN,2011,193.84,156.08,740.07,1851.01
115,Bulgaria,BGR,2007,145.36,159.16,844.38,1585.1
116,Bulgaria,BGR,2008,154.76,165.28,832.32,1629.64
117,Bulgaria,BGR,2009,155.52,166.4,861.93,1601.15
118,Bulgaria,BGR,2010,151.76,167.76,866.25,1576.23
119,Bulgaria,BGR,2011,157.16,166.84,847.89,1597.11
120,Burkina Faso,BFA,2007,45.16,260.32,490.5,1750.02
121,Burkina Faso,BFA,2008,44.8,268.48,537.39,1737.33
122,Burkina Faso,BFA,2009,47.2,271.72,525.78,1794.3
123,Burkina Faso,BFA,2010,48.36,274.44,563.04,1795.16
124,Burkina Faso,BFA,2011,50.32,267.72,547.38,1798.58
125,Cabo Verde,,2007,107.96,174.16,646.2,1645.68
126,Cabo Verde,,2008,108.04,174.96,640.44,1616.56
127,Cabo Verde,,2009,112.76,170.64,642.87,1631.73
128,Cabo Verde,,2010,108.04,170.56,612.09,1633.31
129,Cabo Verde,,2011,111.24,175.16,616.14,1663.46
130,Cambodia,KHM,2007,72.4,173.16,323.46,1818.98
131,Cambodia,KHM,2008,70.08,173.72,315.27,1843.93
132,Cambodia,KHM,2009,73.16,176.36,313.74,1853.74
133,Cambodia,KHM,2010,71.92,179.56,300.33,1865.19
134,Cambodia,KHM,2011,77.36,181.76,306.18,1860.7
135,Cameroon,CMR,2007,50.4,203.48,460.89,1663.23
136,Cameroon,CMR,2008,51.72,210.4,481.41,1702.47
137,Cameroon,CMR,2009,53.92,215.72,483.39,1738.97
138,Cameroon,CMR,2010,47.92,216.44,486.36,1759.28
139,Cameroon,CMR,2011,50.68,223.88,498.33,1800.11
140,Canada,CAN,2007,234.4,183.16,1304.19,1761.25
141,Canada,CAN,2008,230.88,187.92,1312.56,1733.64
142,Canada,CAN,2009,227.16,185.4,1307.7,1719.74
143,Canada,CAN,2010,224.32,192.24,1332.99,1697.45
144,Canada,CAN,2011,225.28,190.32,1347.66,1710.74
145,Central African Republic,CAF,2007,78.8,123.16,639.54,1248.5
146,Central African Republic,CAF,2008,78.8,126.24,660.96,1267.0
147,Central African Republic,CAF,2009,79.68,128.92,642.51,1287.89
148,Central African Republic,CAF,2010,84.0,132.04,611.37,1336.59
149,Central African Republic,CAF,2011,85.12,129.68,591.93,1347.27
150,Chad,TCD,2007,39.6,203.96,450.09,1334.35
151,Chad,TCD,2008,38.56,207.16,465.66,1315.62
152,Chad,TCD,2009,38.28,206.72,440.55,1335.45
153,Chad,TCD,2010,39.76,208.56,442.62,1366.06
154,Chad,TCD,2011,40.64,207.96,447.3,1366.1
155,Chile,CHL,2007,178.56,163.84,793.8,1796.8
156,Chile,CHL,2008,177.32,164.76,778.68,1822.24
157,Chile,CHL,2009,166.8,161.6,754.56,1809.04
158,Chile,CHL,2010,163.8,168.44,742.95,1839.81
159,Chile,CHL,2011,171.56,169.6,763.2,1851.64
160,China,CHN,2007,135.84,221.36,787.68,1776.12
161,China,CHN,2008,142.0,225.92,801.36,1807.72
162,China,CHN,2009,145.84,225.04,827.82,1796.3
163,China,CHN,2010,149.76,230.16,845.37,1818.71
164,China,CHN,2011,151.32,231.4,845.55,1851.73
165,Colombia,COL,2007,129.0,127.2,683.46,1864.34
166,Colombia,COL,2008,134.6,124.64,694.89,1852.87
167,Colombia,COL,2009,125.36,120.8,668.7,1793.14
168,Colombia,COL,2010,127.4,118.48,701.91,1717.21
169,Colombia,COL,2011,129.56,120.6,708.66,1737.18
170,Congo,COG,2007,71.12,105.32,443.88,1514.68
171,Congo,COG,2008,70.24,106.44,404.19,1529.13
172,Congo,COG,2009,74.12,114.48,404.46,1548.94
173,Congo,COG,2010,72.56,117.12,409.77,1543.55
174,Congo,COG,2011,98.4,116.24,439.56,1530.8
175,Costa Rica,CRI,2007,152.8,145.08,787.41,1772.71
176,Costa Rica,CRI,2008,158.64,142.68,788.85,1753.83
177,Costa Rica,CRI,2009,160.0,144.32,787.59,1751.09
178,Costa Rica,CRI,2010,157.56,146.16,779.49,1764.79
179,Costa Rica,CRI,2011,155.4,149.04,790.83,1786.73
180,Cote d'Ivoire,CIV,2007,51.64,168.4,492.03,2079.93
181,Cote d'Ivoire,CIV,2008,55.64,169.48,443.16,2070.72
182,Cote d'Ivoire,CIV,2009,57.84,170.92,473.94,2024.3
183,Cote d'Ivoire,CIV,2010,58.88,172.32,458.73,2047.07
184,Cote d'Ivoire,CIV,2011,56.96,173.52,516.78,2036.74
185,Croatia,HRV,2007,183.44,142.72,1079.19,1671.65
186,Croatia,HRV,2008,186.64,143.84,1104.57,1673.95
187,Croatia,HRV,2009,188.04,148.64,1018.44,1702.88
188,Croatia,HRV,2010,176.8,145.88,939.51,1708.81
189,Croatia,HRV,2011,180.84,146.0,947.34,1722.82
190,Cuba,CUB,2007,99.32,226.08,560.07,2365.53
191,Cuba,CUB,2008,123.28,236.44,523.08,2237.2
192,Cuba,CUB,2009,127.76,220.24,563.67,2321.33
193,Cuba,CUB,2010,118.08,196.48,572.4,2273.04
194,Cuba,CUB,2011,119.12,216.2,589.86,2359.82
195,Cyprus,CYP,2007,196.12,127.48,1010.61,1304.79
196,Cyprus,CYP,2008,197.16,130.12,1036.8,1292.92
197,Cyprus,CYP,2009,190.0,126.88,1060.47,1252.65
198,Cyprus,CYP,2010,191.0,133.92,1045.44,1300.64
199,Cyprus,CYP,2011,195.88,125.72,1101.96,1259.44
200,Czechia,CZE,2007,226.56,153.68,1208.97,1671.79
201,Czechia,CZE,2008,221.6,153.56,1239.03,1653.81
202,Czechia,CZE,2009,219.0,151.32,1226.07,1679.61
203,Czechia,CZE,2010,220.08,151.12,1239.48,1665.32
204,Czechia,CZE,2011,208.92,154.36,1199.34,1688.38
205,Denmark,DNK,2007,284.76,157.56,1173.87,1828.81
206,Denmark,DNK,2008,277.88,159.16,1144.98,1743.98
207,Denmark,DNK,2009,255.92,159.52,1181.79,1742.77
208,Denmark,DNK,2010,274.56,166.92,1172.79,1783.73
209,Denmark,DNK,2011,268.12,157.4,1181.7,1740.78
210,Djibouti,DJI,2007,86.88,163.96,612.81,1550.35
211,Djibouti,DJI,2008,77.4,170.48,624.33,1574.79
212,Djibouti,DJI,2009,58.32,189.84,570.78,1647.06
213,Djibouti,DJI,2010,55.2,201.64,509.31,1700.85
214,Djibouti,DJI,2011,49.84,200.48,531.18,1722.5
215,Dominica,DMA,2007,206.32,162.24,715.5,1957.94
216,Dominica,DMA,2008,212.2,154.04,733.23,1921.53
217,Dominica,DMA,2009,204.24,156.64,688.86,1987.26
218,Dominica,DMA,2010,188.2,148.32,701.46,1947.02
219,Dominica,DMA,2011,178.68,150.64,700.29,1932.39
220,Dominican Republic,DOM,2007,113.96,108.76,747.45,1432.83
221,Dominican Republic,DOM,2008,113.96,105.0,761.67,1371.37
222,Dominican Republic,DOM,2009,116.04,107.72,759.78,1408.46
223,Dominican Republic,DOM,2010,118.24,121.12,794.07,1498.57
224,Dominican Republic,DOM,2011,104.76,126.76,820.89,1509.59
225,Ecuador,ECU,2007,136.12,96.52,801.9,1178.46
226,Ecuador,ECU,2008,143.04,97.12,845.82,1211.02
227,Ecuador,ECU,2009,138.28,98.88,807.39,1245.45
228,Ecuador,ECU,2010,143.8,103.44,822.06,1278.7
229,Ecuador,ECU,2011,149.4,103.68,838.71,1284.21
230,Egypt,EGY,2007,94.08,307.12,553.59,2490.21
231,Egypt,EGY,2008,91.04,309.44,555.57,2533.95
232,Egypt,EGY,2009,85.88,311.56,535.5,2508.06
233,Egypt,EGY,2010,100.72,312.2,559.89,2534.19
234,Egypt,EGY,2011,97.8,310.24,576.09,2564.87
235,El Salvador,SLV,2007,102.24,177.08,568.8,1717.88
236,El Salvador,SLV,2008,98.2,188.64,525.96,1761.2
237,El Salvador,SLV,2009,102.96,182.8,551.43,1736.81
238,El Salvador,SLV,2010,99.36,181.12,523.53,1710.99
239,El Salvador,SLV,2011,97.84,184.28,529.65,1725.23
240,Estonia,EST,2007,215.12,173.2,841.23,1992.45
241,Estonia,EST,2008,220.16,182.56,844.47,2065.81
242,Estonia,EST,2009,220.84,173.88,860.13,2093.15
243,Estonia,EST,2010,213.8,182.52,828.0,2085.68
244,Estonia,EST,2011,213.36,184.92,801.9,2088.82
245,Eswatini,SWZ,2007,70.6,168.16,443.43,1627.81
246,Eswatini,SWZ,2008,61.56,163.56,400.14,1631.74
247,Eswatini,SWZ,2009,62.2,164.76,396.54,1625.5
248,Eswatini,SWZ,2010,63.08,165.2,400.41,1655.31
249,Eswatini,SWZ,2011,59.76,165.48,394.56,1663.2
250,Ethiopia,ETH,2007,29.36,197.36,203.04,1527.24
251,Ethiopia,ETH,2008,32.4,203.12,235.89,1546.59
252,Ethiopia,ETH,2009,29.52,211.88,213.93,1596.67
253,Ethiopia,ETH,2010,35.48,210.24,236.7,1597.58
254,Ethiopia,ETH,2011,30.88,216.48,244.26,1611.38
255,Fiji,FJI,2007,128.6,167.12,856.26,1772.02
256,Fiji,FJI,2008,128.44,173.32,841.59,1804.65
257,Fiji,FJI,2009,120.76,166.8,852.3,1776.14
258,Fiji,FJI,2010,121.4,169.88,836.28,1786.44
259,Fiji,FJI,2011,132.88,170.64,851.49,1767.99
260,Finland,FIN,2007,271.52,170.4,1184.94,1654.14
261,Finland,FIN,2008,274.88,172.2,1185.21,1603.71
262,Finland,FIN,2009,271.68,167.8,1179.81,1613.71
263,Finland,FIN,2010,275.56,173.92,1209.96,1620.56
264,Finland,FIN,2011,284.12,171.32,1241.91,1607.65
265,France,FRA,2007,285.96,156.44,1443.69,1579.91
266,France,FRA,2008,285.12,165.2,1505.97,1594.71
267,France,FRA,2009,285.36,159.4,1485.99,1599.25
268,France,FRA,2010,283.84,168.8,1471.05,1612.31
269,France,FRA,2011,281.64,165.64,1452.42,1614.3
270,French Polynesia,PYF,2007,272.92,134.44,1112.67,1400.97
271,French Polynesia,PYF,2008,263.24,133.24,1103.76,1416.76
272,French Polynesia,PYF,2009,262.8,131.56,1133.55,1390.09
273,French Polynesia,PYF,2010,256.88,133.32,1127.7,1413.1
274,French Polynesia,PYF,2011,256.92,132.32,1135.98,1396.78
275,Gabon,GAB,2007,162.0,160.04,522.27,1866.69
276,Gabon,GAB,2008,149.2,163.56,462.6,1877.64
277,Gabon,GAB,2009,154.08,162.64,458.19,1924.09
278,Gabon,GAB,2010,155.68,163.36,481.32,1931.64
279,Gabon,GAB,2011,166.68,168.24,522.81,1914.27
280,Gambia,GMB,2007,64.8,178.76,645.75,1645.69
281,Gambia,GMB,2008,62.8,188.8,622.62,1714.78
282,Gambia,GMB,2009,61.24,188.36,629.01,1742.39
283,Gambia,GMB,2010,71.0,191.24,655.92,1755.84
284,Gambia,GMB,2011,65.08,190.68,669.24,1767.0
285,Georgia,GEO,2007,115.68,194.84,602.55,1986.93
286,Georgia,GEO,2008,114.32,204.8,558.72,2097.16
287,Georgia,GEO,2009,102.44,198.24,623.79,2022.53
288,Georgia,GEO,2010,111.8,187.52,734.67,1811.01
289,Georgia,GEO,2011,111.12,200.44,563.67,1929.77
290,Germany,DEU,2007,248.0,161.96,1314.0,1803.04
291,Germany,DEU,2008,245.52,159.6,1296.99,1814.89
292,Germany,DEU,2009,249.36,160.88,1285.29,1819.47
293,Germany,DEU,2010,247.36,160.2,1296.9,1799.54
294,Germany,DEU,2011,248.92,163.84,1310.85,1814.39
295,Ghana,GHA,2007,68.04,170.16,392.49,2172.31
296,Ghana,GHA,2008,64.84,189.28,449.82,2246.06
297,Ghana,GHA,2009,59.2,197.92,432.36,2342.52
298,Ghana,GHA,2010,61.44,199.4,449.19,2366.97
299,Ghana,GHA,2011,70.36,199.16,405.0,2327.48
300,Greece,GRC,2007,260.32,200.12,1343.7,1706.86
301,Greece,GRC,2008,249.68,198.04,1372.05,1699.23
302,Greece,GRC,2009,253.04,200.04,1384.74,1667.18
303,Greece,GRC,2010,252.96,194.84,1370.34,1623.86
304,Greece,GRC,2011,243.64,194.64,1384.65,1604.07
305,Grenada,GRD,2007,183.44,112.64,790.92,1308.0
306,Grenada,GRD,2008,187.0,108.72,784.08,1346.2
307,Grenada,GRD,2009,187.44,112.52,774.45,1359.59
308,Grenada,GRD,2010,171.92,108.76,818.46,1332.86
309,Grenada,GRD,2011,166.56,106.48,789.75,1361.21
310,Guatemala,GTM,2007,73.16,173.32,529.29,1671.23
311,Guatemala,GTM,2008,72.16,168.72,530.01,1607.11
312,Guatemala,GTM,2009,73.36,179.68,506.79,1699.17
313,Guatemala,GTM,2010,73.68,181.16,511.29,1664.87
314,Guatemala,GTM,2011,73.12,182.4,523.71,1705.77
315,Guinea,GIN,2007,30.12,179.08,519.84,1775.96
316,Guinea,GIN,2008,31.0,183.2,513.81,1805.99
317,Guinea,GIN,2009,36.72,183.48,513.0,1812.8
318,Guinea,GIN,2010,37.52,183.04,543.15,1786.29
319,Guinea,GIN,2011,38.2,180.12,565.38,1762.3
320,Guinea-Bissau,GNB,2007,31.84,142.6,543.42,1575.14
321,Guinea-Bissau,GNB,2008,35.0,142.12,534.33,1592.55
322,Guinea-Bissau,GNB,2009,33.44,140.76,540.81,1562.99
323,Guinea-Bissau,GNB,2010,34.08,143.04,552.33,1616.55
324,Guinea-Bissau,GNB,2011,35.48,140.88,567.45,1592.19
325,Guyana,GUY,2007,126.6,167.76,510.93,1854.71
326,Guyana,GUY,2008,123.0,173.48,468.09,1834.43
327,Guyana,GUY,2009,127.76,167.96,469.89,1857.39
328,Guyana,GUY,2010,130.52,171.56,489.24,1851.68
329,Guyana,GUY,2011,133.2,166.4,506.16,1831.24
330,Haiti,HTI,2007,34.44,147.44,335.88,1452.24
331,Haiti,HTI,2008,34.92,146.64,376.83,1455.61
332,Haiti,HTI,2009,36.4,152.0,387.18,1484.42
333,Haiti,HTI,2010,37.4,162.88,423.72,1545.0
334,Haiti,HTI,2011,41.32,148.32,457.29,1450.07
335,Honduras,HND,2007,111.0,154.4,661.77,1641.83
336,Honduras,HND,2008,109.76,162.4,660.15,1670.69
337,Honduras,HND,2009,95.68,160.44,639.81,1700.07
338,Honduras,HND,2010,92.28,163.08,638.46,1702.18
339,Honduras,HND,2011,94.28,164.92,651.6,1713.2
340,Hong Kong,HKG,2007,307.76,140.52,1205.1,1592.62
341,Hong Kong,HKG,2008,331.56,140.28,1210.41,1558.75
342,Hong Kong,HKG,2009,358.0,140.6,1222.02,1534.38
343,Hong Kong,HKG,2010,348.72,141.72,1215.45,1550.11
344,Hong Kong,HKG,2011,369.16,142.04,1191.06,1556.74
345,Hungary,HUN,2007,195.92,153.08,1255.95,1559.05
346,Hungary,HUN,2008,192.08,153.76,1252.08,1551.08
347,Hungary,HUN,2009,185.36,155.04,1230.48,1569.12
348,Hungary,HUN,2010,178.08,148.0,1230.39,1505.53
349,Hungary,HUN,2011,179.12,148.56,1223.91,1512.41
350,Iceland,ISL,2007,405.16,147.52,1361.25,1544.07
351,Iceland,ISL,2008,392.84,144.08,1347.12,1543.96
352,Iceland,ISL,2009,389.88,147.52,1317.96,1538.64
353,Iceland,ISL,2010,382.76,141.36,1303.83,1513.05
354,Iceland,ISL,2011,386.12,141.0,1312.65,1508.23
355,India,IND,2007,44.32,187.64,456.84,1711.2
356,India,IND,2008,46.12,187.28,444.15,1749.45
357,India,IND,2009,46.64,184.08,469.08,1715.2
358,India,IND,2010,47.72,190.64,462.51,1741.13
359,India,IND,2011,48.52,191.6,468.81,1746.07
360,Indonesia,IDN,2007,59.96,164.44,472.86,1824.74
361,Indonesia,IDN,2008,61.52,164.88,462.78,1854.82
362,Indonesia,IDN,2009,62.84,168.92,472.41,1898.83
363,Indonesia,IDN,2010,66.8,171.68,488.16,1924.36
364,Indonesia,IDN,2011,69.76,175.08,503.1,1964.06
365,Iran,IRN,2007,94.72,242.92,657.99,2032.37
366,Iran,IRN,2008,87.44,239.44,684.36,2000.76
367,Iran,IRN,2009,94.52,245.6,713.25,2004.63
368,Iran,IRN,2010,92.2,255.56,695.79,2050.45
369,Iran,IRN,2011,91.96,254.88,674.64,2029.52
370,Iraq,IRQ,2007,30.08,197.52,485.37,1666.03
371,Iraq,IRQ,2008,40.4,189.8,535.32,1592.48
372,Iraq,IRQ,2009,48.24,199.08,574.83,1618.85
373,Iraq,IRQ,2010,44.72,199.72,597.87,1662.69
374,Iraq,IRQ,2011,48.52,194.08,614.16,1637.24
375,Ireland,IRL,2007,276.48,169.96,1165.41,1920.15
376,Ireland,IRL,2008,278.6,170.6,1199.16,1933.64
377,Ireland,IRL,2009,262.24,184.2,1171.71,1952.85
378,Ireland,IRL,2010,259.52,187.2,1173.87,1970.41
379,Ireland,IRL,2011,252.2,180.2,1168.2,1999.4
380,Israel,ISR,2007,285.92,224.24,1314.45,1700.39
381,Israel,ISR,2008,292.24,220.64,1326.6,1683.52
382,Israel,ISR,2009,276.24,222.84,1311.75,1703.17
383,Israel,ISR,2010,280.76,221.56,1298.7,1733.98
384,Israel,ISR,2011,286.08,218.84,1339.56,1701.52
385,Italy,ITA,2007,239.52,203.4,1407.6,1767.48
386,Italy,ITA,2008,240.32,202.04,1403.01,1749.63
387,Italy,ITA,2009,239.72,208.32,1374.57,1776.39
388,Italy,ITA,2010,245.04,201.56,1408.5,1727.9
389,Italy,ITA,2011,240.24,199.28,1417.86,1717.62
390,Jamaica,JAM,2007,168.28,152.24,785.79,1684.69
391,Jamaica,JAM,2008,158.0,147.52,706.05,1735.43
392,Jamaica,JAM,2009,148.84,156.88,672.48,1770.8
393,Jamaica,JAM,2010,156.36,153.0,710.1,1742.54
394,Jamaica,JAM,2011,147.0,159.56,672.84,1788.6
395,Japan,JPN,2007,200.96,161.64,801.0,1653.4
396,Japan,JPN,2008,199.6,156.92,798.84,1578.64
397,Japan,JPN,2009,194.04,154.2,769.41,1557.35
398,Japan,JPN,2010,194.84,155.72,787.59,1546.85
399,Japan,JPN,2011,194.2,155.44,784.53,1577.83
400,Jordan,JOR,2007,114.52,209.68,856.89,1941.91
401,Jordan,JOR,2008,121.76,210.84,781.65,1957.75
402,Jordan,JOR,2009,109.12,218.84,824.49,1946.55
403,Jordan,JOR,2010,112.44,209.68,875.34,1906.54
404,Jordan,JOR,2011,115.84,216.92,903.78,1902.46
405,Kazakhstan,KAZ,2007,207.64,167.0,1052.91,1733.45
406,Kazakhstan,KAZ,2008,213.72,165.0,1091.43,1715.85
407,Kazakhstan,KAZ,2009,214.12,165.68,1074.06,1699.14
408,Kazakhstan,KAZ,2010,224.96,171.0,1028.25,1718.79
409,Kazakhstan,KAZ,2011,228.04,157.76,1174.59,1646.61
410,Kenya,KEN,2007,64.6,172.76,437.76,1434.88
411,Kenya,KEN,2008,65.96,165.52,435.51,1439.01
412,Kenya,KEN,2009,69.68,170.16,471.06,1454.1
413,Kenya,KEN,2010,68.16,172.88,459.72,1459.24
414,Kenya,KEN,2011,68.6,184.48,434.43,1482.49
415,Kiribati,KIR,2007,145.48,141.4,907.38,1699.74
416,Kiribati,KIR,2008,134.96,141.52,895.23,1709.29
417,Kiribati,KIR,2009,142.92,146.8,917.1,1734.18
418,Kiribati,KIR,2010,139.6,149.4,892.53,1778.47
419,Kiribati,KIR,2011,151.12,149.32,909.09,1817.47
420,Kuwait,KWT,2007,244.36,216.88,1111.41,1998.35
421,Kuwait,KWT,2008,235.56,205.52,1116.36,1954.56
422,Kuwait,KWT,2009,256.8,197.28,1067.67,1950.25
423,Kuwait,KWT,2010,239.0,202.8,1064.61,1957.59
424,Kuwait,KWT,2011,213.72,210.24,1038.69,2005.35
425,Kyrgyzstan,KGZ,2007,132.68,190.52,553.05,1805.75
426,Kyrgyzstan,KGZ,2008,132.88,194.12,576.18,1775.82
427,Kyrgyzstan,KGZ,2009,141.0,197.24,566.55,1832.21
428,Kyrgyzstan,KGZ,2010,141.92,199.52,591.93,1856.63
429,Kyrgyzstan,KGZ,2011,145.88,194.84,581.04,1849.24
430,Laos,LAO,2007,49.56,194.84,300.51,1733.09
431,Laos,LAO,2008,50.16,190.0,306.0,1699.84
432,Laos,LAO,2009,52.76,199.44,320.76,1739.04
433,Laos,LAO,2010,55.12,201.56,326.25,1757.07
434,Laos,LAO,2011,57.6,209.72,333.36,1801.32
435,Latvia,LVA,2007,220.04,152.68,1117.62,1670.66
436,Latvia,LVA,2008,235.52,148.56,1083.6,1689.32
437,Latvia,LVA,2009,234.36,152.88,1088.82,1697.94
438,Latvia,LVA,2010,232.52,152.76,1079.91,1670.81
439,Latvia,LVA,2011,227.8,158.16,1079.1,1682.94
440,Lebanon,LBN,2007,134.4,199.16,999.99,1849.45
441,Lebanon,LBN,2008,137.52,196.48,967.86,1825.14
442,Lebanon,LBN,2009,139.16,192.08,995.4,1817.36
443,Lebanon,LBN,2010,123.0,200.76,963.09,1875.15
444,Lebanon,LBN,2011,118.32,197.52,929.97,1880.19
445,Lesotho,LSO,2007,41.84,249.36,303.39,1965.41
446,Lesotho,LSO,2008,41.96,246.52,289.8,1979.72
447,Lesotho,LSO,2009,42.76,249.96,295.38,1980.9
448,Lesotho,LSO,2010,44.12,254.52,284.85,1988.51
449,Lesotho,LSO,2011,48.0,248.56,289.98,1963.46
450,Liberia,LBR,2007,24.24,117.12,506.61,1497.03
451,Liberia,LBR,2008,24.04,124.28,515.61,1563.07
452,Liberia,LBR,2009,23.12,124.64,514.35,1568.89
453,Liberia,LBR,2010,26.36,119.0,527.4,1525.24
454,Liberia,LBR,2011,31.68,121.04,552.24,1549.04
455,Lithuania,LTU,2007,305.0,199.6,928.44,2129.96
456,Lithuania,LTU,2008,318.32,190.08,923.67,2089.93
457,Lithuania,LTU,2009,309.32,198.76,890.55,2071.37
458,Lithuania,LTU,2010,296.4,185.52,898.38,1952.7
459,Lithuania,LTU,2011,292.88,187.64,904.95,2023.53
460,Luxembourg,LUX,2007,287.84,147.0,1305.63,1760.53
461,Luxembourg,LUX,2008,283.52,149.16,1315.44,1762.88
462,Luxembourg,LUX,2009,273.08,159.28,1294.29,1784.35
463,Luxembourg,LUX,2010,271.2,169.88,1262.34,1822.58
464,Luxembourg,LUX,2011,285.16,170.56,1238.22,1838.06
465,Madagascar,MDG,2007,44.24,150.6,250.92,1650.24
466,Madagascar,MDG,2008,43.44,146.48,249.84,1621.24
467,Madagascar,MDG,2009,43.2,146.96,233.1,1641.74
468,Madagascar,MDG,2010,42.64,147.36,230.49,1647.51
469,Madagascar,MDG,2011,41.76,149.04,225.99,1668.21
470,Malawi,MWI,2007,19.56,223.96,311.13,1738.35
471,Malawi,MWI,2008,21.96,223.68,338.4,1733.96
472,Malawi,MWI,2009,22.68,219.12,355.05,1714.15
473,Malawi,MWI,2010,24.68,226.16,339.03,1739.13
474,Malawi,MWI,2011,24.32,232.16,355.41,1736.11
475,Malaysia,MYS,2007,171.6,147.2,754.47,1764.73
476,Malaysia,MYS,2008,162.28,140.84,756.54,1727.34
477,Malaysia,MYS,2009,170.6,143.52,757.26,1767.62
478,Malaysia,MYS,2010,177.28,142.28,795.06,1761.38
479,Malaysia,MYS,2011,172.76,145.92,793.89,1776.43
480,Maldives,MDV,2007,248.84,130.48,542.43,1572.25
481,Maldives,MDV,2008,243.68,132.6,551.88,1625.84
482,Maldives,MDV,2009,271.04,133.64,556.47,1640.85
483,Maldives,MDV,2010,321.72,136.2,601.92,1658.16
484,Maldives,MDV,2011,319.76,141.64,601.11,1687.49
485,Mali,MLI,2007,91.6,214.76,543.15,1872.49
486,Mali,MLI,2008,94.48,216.36,560.34,1905.82
487,Mali,MLI,2009,98.16,222.88,572.4,1937.56
488,Mali,MLI,2010,97.84,228.56,548.01,1938.59
489,Mali,MLI,2011,99.6,230.68,563.22,1938.5
490,Malta,MLT,2007,249.36,209.84,984.06,1926.74
491,Malta,MLT,2008,249.88,199.68,1001.16,1920.28
492,Malta,MLT,2009,237.84,200.24,996.03,1944.89
493,Malta,MLT,2010,232.24,197.04,1045.53,1912.19
494,Malta,MLT,2011,233.88,200.2,1025.82,1914.1
495,Mauritania,MRT,2007,122.4,195.56,636.3,1771.74
496,Mauritania,MRT,2008,119.16,197.36,653.67,1801.81
497,Mauritania,MRT,2009,118.2,197.2,634.59,1812.01
498,Mauritania,MRT,2010,125.72,194.92,696.42,1779.94
499,Mauritania,MRT,2011,127.44,188.8,725.85,1763.91
500,Mauritius,MUS,2007,148.24,198.6,791.73,1937.43
501,Mauritius,MUS,2008,151.68,186.48,795.69,1867.15
502,Mauritius,MUS,2009,158.2,200.68,779.04,1986.08
503,Mauritius,MUS,2010,153.2,207.04,793.26,1997.5
504,Mauritius,MUS,2011,158.96,197.16,820.53,1881.35
505,Mexico,MEX,2007,162.52,192.08,820.26,1926.14
506,Mexico,MEX,2008,164.0,188.76,819.54,1906.7
507,Mexico,MEX,2009,162.84,184.64,807.84,1887.68
508,Mexico,MEX,2010,162.28,186.28,815.13,1877.31
509,Mexico,MEX,2011,161.08,180.68,836.19,1850.05
510,Moldova,MDA,2007,134.12,152.72,682.56,1784.6
511,Moldova,MDA,2008,131.12,157.16,746.46,1753.26
512,Moldova,MDA,2009,124.8,148.36,792.18,1629.66
513,Moldova,MDA,2010,137.84,149.6,748.17,1644.39
514,Moldova,MDA,2011,137.88,146.92,761.85,1653.35
515,Mongolia,MNG,2007,180.36,123.24,757.62,1280.78
516,Mongolia,MNG,2008,193.16,123.88,755.28,1302.68
517,Mongolia,MNG,2009,206.72,120.96,839.34,1283.98
518,Mongolia,MNG,2010,168.56,126.76,816.12,1319.56
519,Mongolia,MNG,2011,179.68,128.12,796.05,1350.15
520,Montenegro,MNE,2007,224.32,200.08,1062.09,1924.51
521,Montenegro,MNE,2008,233.04,208.4,1088.73,1951.83
522,Montenegro,MNE,2009,230.52,208.64,1118.88,1928.96
523,Montenegro,MNE,2010,229.72,214.8,1124.28,1894.2
524,Montenegro,MNE,2011,240.44,203.72,1162.35,1874.49
525,Morocco,MAR,2007,79.56,278.44,582.84,2310.16
526,Morocco,MAR,2008,81.28,280.36,574.65,2334.71
527,Morocco,MAR,2009,87.28,279.92,594.81,2330.99
528,Morocco,MAR,2010,95.12,283.6,589.14,2326.14
529,Morocco,MAR,2011,100.52,285.56,597.42,2365.5
530,Mozambique,MOZ,2007,19.16,154.72,330.03,1579.09
531,Mozambique,MOZ,2008,21.6,153.6,353.25,1635.55
532,Mozambique,MOZ,2009,21.64,152.96,329.22,1661.18
533,Mozambique,MOZ,2010,22.32,159.24,354.69,1705.75
534,Mozambique,MOZ,2011,24.6,160.88,365.4,1708.12
535,Myanmar,MMR,2007,94.04,179.12,517.68,1491.16
536,Myanmar,MMR,2008,104.32,184.12,560.07,1523.49
537,Myanmar,MMR,2009,116.92,186.16,606.96,1494.96
538,Myanmar,MMR,2010,128.0,193.4,635.76,1542.84
539,Myanmar,MMR,2011,136.48,192.12,642.42,1559.98
540,Namibia,NAM,2007,98.52,158.28,485.01,1476.19
541,Namibia,NAM,2008,105.88,150.56,477.09,1386.47
542,Namibia,NAM,2009,95.56,146.08,445.95,1374.41
543,Namibia,NAM,2010,94.08,143.0,448.65,1369.27
544,Namibia,NAM,2011,94.4,145.76,434.07,1415.77
545,Nepal,NPL,2007,39.84,208.56,388.26,1792.34
546,Nepal,NPL,2008,40.64,211.16,421.83,1816.37
547,Nepal,NPL,2009,41.68,214.84,442.98,1833.5
548,Nepal,NPL,2010,42.16,216.64,450.27,1850.93
549,Nepal,NPL,2011,44.12,223.84,482.4,1863.64
550,Netherlands,NLD,2007,282.8,141.28,1184.67,1628.25
551,Netherlands,NLD,2008,294.64,137.36,1194.3,1601.7
552,Netherlands,NLD,2009,304.52,138.24,1142.82,1627.42
553,Netherlands,NLD,2010,288.08,142.96,1126.08,1650.88
554,Netherlands,NLD,2011,284.52,143.28,1102.23,1681.97
555,Netherlands Antilles,ANT,2007,211.96,151.48,726.39,1976.17
556,Netherlands Antilles,ANT,2008,221.16,143.52,702.36,2013.96
557,Netherlands Antilles,ANT,2009,230.76,142.92,734.13,1995.19
558,Netherlands Antilles,ANT,2010,233.64,138.8,781.56,1958.0
559,New Caledonia,NCL,2007,203.16,132.0,1035.72,1401.12
560,New Caledonia,NCL,2008,191.08,131.88,1008.72,1443.32
561,New Caledonia,NCL,2009,202.52,133.72,1054.17,1414.59
562,New Caledonia,NCL,2010,205.92,132.6,1079.55,1396.93
563,New Caledonia,NCL,2011,214.72,134.76,1072.26,1411.26
564,New Zealand,NZL,2007,238.08,139.6,1088.91,1717.41
565,New Zealand,NZL,2008,234.28,142.28,1087.83,1740.61
566,New Zealand,NZL,2009,219.32,148.6,1045.98,1730.1
567,New Zealand,NZL,2010,206.84,154.72,1066.32,1711.12
568,New Zealand,NZL,2011,256.92,143.68,1077.48,1658.92
569,Nicaragua,NIC,2007,75.04,180.28,544.68,1671.0
570,Nicaragua,NIC,2008,73.96,180.0,541.08,1671.96
571,Nicaragua,NIC,2009,76.32,180.2,521.55,1694.93
572,Nicaragua,NIC,2010,79.48,180.76,549.45,1703.31
573,Nicaragua,NIC,2011,73.28,189.32,532.62,1747.78
574,Niger,NER,2007,71.4,237.44,475.74,1676.42
575,Niger,NER,2008,71.72,248.12,515.79,1684.37
576,Niger,NER,2009,64.48,249.44,501.84,1707.24
577,Niger,NER,2010,59.48,262.0,501.93,1709.59
578,Niger,NER,2011,59.0,263.44,513.0,1698.56
579,Nigeria,NGA,2007,43.56,214.16,593.1,1869.18
580,Nigeria,NGA,2008,39.48,215.12,586.08,1882.32
581,Nigeria,NGA,2009,37.76,218.32,518.49,1908.43
582,Nigeria,NGA,2010,38.68,215.88,522.0,1929.44
583,Nigeria,NGA,2011,41.08,213.32,519.03,1932.57
584,North Korea,PRK,2007,39.2,189.36,306.27,1574.17
585,North Korea,PRK,2008,39.04,187.84,309.15,1558.97
586,North Korea,PRK,2009,39.12,186.4,300.33,1562.15
587,North Korea,PRK,2010,38.64,184.56,304.02,1561.78
588,North Korea,PRK,2011,40.16,185.2,305.64,1569.0
589,North Macedonia,MKD,2007,145.68,168.44,1085.31,1617.57
590,North Macedonia,MKD,2008,129.16,175.92,950.49,1704.43
591,North Macedonia,MKD,2009,129.52,187.2,959.67,1720.61
592,North Macedonia,MKD,2010,128.64,183.6,938.34,1704.42
593,North Macedonia,MKD,2011,125.76,182.84,911.34,1690.06
594,Norway,NOR,2007,256.36,172.16,1335.06,1700.42
595,Norway,NOR,2008,263.72,175.68,1325.16,1713.44
596,Norway,NOR,2009,261.2,177.48,1325.7,1706.62
597,Norway,NOR,2010,259.56,180.44,1341.36,1704.64
598,Norway,NOR,2011,259.48,178.56,1353.78,1696.18
599,Oman,OMN,2007,170.24,152.0,681.66,1829.1
600,Oman,OMN,2008,189.4,154.56,744.21,1855.83
601,Oman,OMN,2009,186.16,162.32,751.59,1925.93
602,Oman,OMN,2010,187.96,169.32,747.9,1952.82
603,Oman,OMN,2011,183.48,170.08,745.92,1977.52
604,Pakistan,PAK,2007,99.16,150.92,660.78,1509.14
605,Pakistan,PAK,2008,100.32,148.76,663.48,1509.44
606,Pakistan,PAK,2009,102.0,152.96,657.0,1517.04
607,Pakistan,PAK,2010,103.72,149.68,660.42,1518.18
608,Pakistan,PAK,2011,105.92,153.16,669.87,1497.05
609,Panama,PAN,2007,152.32,136.96,571.77,1603.95
610,Panama,PAN,2008,157.0,136.24,609.57,1620.19
611,Panama,PAN,2009,155.36,136.48,615.6,1612.56
612,Panama,PAN,2010,156.68,142.76,647.28,1632.28
613,Panama,PAN,2011,163.72,141.76,682.83,1657.69
614,Paraguay,PRY,2007,117.92,156.12,804.69,1493.27
615,Paraguay,PRY,2008,116.92,142.56,810.9,1464.62
616,Paraguay,PRY,2009,116.24,141.68,812.16,1457.92
617,Paraguay,PRY,2010,120.68,145.8,835.56,1472.96
618,Paraguay,PRY,2011,133.2,146.68,840.69,1493.43
619,Peru,PER,2007,99.76,178.12,377.28,1805.84
620,Peru,PER,2008,100.92,178.2,411.66,1834.22
621,Peru,PER,2009,102.28,183.2,414.99,1861.53
622,Peru,PER,2010,103.48,187.52,423.54,1902.46
623,Peru,PER,2011,104.48,186.72,433.26,1907.54
624,Philippines,PHL,2007,100.64,138.16,454.5,1876.7
625,Philippines,PHL,2008,100.36,137.72,446.67,1898.25
626,Philippines,PHL,2009,101.72,141.56,465.39,1886.33
627,Philippines,PHL,2010,102.84,141.64,471.06,1866.46
628,Philippines,PHL,2011,99.8,138.48,474.57,1859.15
629,Poland,POL,2007,201.92,196.44,1006.83,1958.81
630,Poland,POL,2008,197.64,194.2,1009.62,1944.54
631,Poland,POL,2009,205.44,197.2,1048.68,1966.68
632,Poland,POL,2010,209.16,195.88,1054.62,1953.34
633,Poland,POL,2011,211.72,197.52,1063.08,1970.68
634,Portugal,PRT,2007,293.12,175.96,1255.32,1805.6
635,Portugal,PRT,2008,285.12,171.48,1294.47,1786.93
636,Portugal,PRT,2009,283.16,173.52,1280.61,1769.71
637,Portugal,PRT,2010,280.08,176.04,1259.19,1782.69
638,Portugal,PRT,2011,273.12,173.56,1257.75,1772.57
639,Romania,ROU,2007,222.28,212.56,960.75,1979.41
640,Romania,ROU,2008,223.4,218.92,968.58,1991.1
641,Romania,ROU,2009,219.04,217.36,964.08,1978.52
642,Romania,ROU,2010,200.16,218.56,935.37,1970.91
643,Romania,ROU,2011,196.52,221.24,925.92,1995.32
644,Russia,RUS,2007,205.84,188.24,845.73,2069.19
645,Russia,RUS,2008,210.52,187.72,857.88,2055.88
646,Russia,RUS,2009,212.64,185.84,862.47,2012.05
647,Russia,RUS,2010,216.8,187.04,898.2,1999.96
648,Russia,RUS,2011,216.88,188.16,909.27,2016.69
649,Rwanda,RWA,2007,20.56,190.44,217.53,1624.47
650,Rwanda,RWA,2008,20.76,192.4,222.66,1665.18
651,Rwanda,RWA,2009,20.84,201.72,273.69,1699.75
652,Rwanda,RWA,2010,24.4,202.64,258.39,1712.57
653,Rwanda,RWA,2011,26.32,195.96,263.25,1727.47
654,Saint Kitts and Nevis,KNA,2007,180.24,113.32,722.07,1438.37
655,Saint Kitts and Nevis,KNA,2008,188.16,113.48,774.27,1437.09
656,Saint Kitts and Nevis,KNA,2009,185.84,116.76,731.61,1457.79
657,Saint Kitts and Nevis,KNA,2010,189.92,109.16,757.44,1430.48
658,Saint Kitts and Nevis,KNA,2011,183.08,105.88,773.01,1408.03
659,Saint Lucia,LCA,2007,212.92,129.88,739.17,1507.03
660,Saint Lucia,LCA,2008,208.56,128.12,705.15,1513.17
661,Saint Lucia,LCA,2009,206.6,129.72,700.74,1543.94
662,Saint Lucia,LCA,2010,210.16,129.16,719.46,1537.22
663,Saint Lucia,LCA,2011,207.32,131.2,701.55,1542.93
664,Saint Vincent and the Grenadines,VCT,2007,192.88,144.76,691.02,1803.34
665,Saint Vincent and the Grenadines,VCT,2008,196.64,147.52,704.7,1819.14
666,Saint Vincent and the Grenadines,VCT,2009,199.72,147.56,720.81,1804.91
667,Saint Vincent and the Grenadines,VCT,2010,198.92,152.32,743.85,1811.91
668,Saint Vincent and the Grenadines,VCT,2011,191.32,153.12,741.24,1855.32
669,Samoa,WSM,2007,184.32,127.4,1163.34,1375.94
670,Samoa,WSM,2008,191.16,128.08,1218.33,1376.43
671,Samoa,WSM,2009,190.08,127.08,1198.44,1365.4
672,Samoa,WSM,2010,198.08,128.72,1240.2,1344.0
673,Samoa,WSM,2011,194.16,133.04,1202.58,1353.22
674,Sao Tome and Principe,STP,2007,66.4,166.12,665.19,1613.29
675,Sao Tome and Principe,STP,2008,66.0,163.72,671.76,1564.52
676,Sao Tome and Principe,STP,2009,69.8,162.44,688.32,1514.44
677,Sao Tome and Principe,STP,2010,69.4,155.24,680.4,1462.96
678,Sao Tome and Principe,STP,2011,66.52,144.08,689.76,1430.64
679,Saudi Arabia,SAU,2007,130.6,209.56,747.0,1958.84
680,Saudi Arabia,SAU,2008,127.96,202.48,758.25,1925.31
681,Saudi Arabia,SAU,2009,134.72,197.0,765.81,1909.47
682,Saudi Arabia,SAU,2010,147.84,208.28,843.3,1924.58
683,Saudi Arabia,SAU,2011,154.24,202.88,843.93,1901.95
684,Senegal,SEN,2007,62.12,170.84,554.4,1554.64
685,Senegal,SEN,2008,67.68,174.36,648.54,1548.42
686,Senegal,SEN,2009,70.0,174.48,661.5,1540.02
687,Senegal,SEN,2010,64.44,175.76,669.6,1525.2
688,Senegal,SEN,2011,62.76,173.32,676.53,1515.39
689,Serbia,SRB,2007,147.4,166.36,739.89,1660.35
690,Serbia,SRB,2008,148.52,173.76,765.99,1633.73
691,Serbia,SRB,2009,144.4,173.16,747.18,1695.26
692,Serbia,SRB,2010,149.44,177.64,749.88,1648.04
693,Serbia,SRB,2011,150.72,177.92,708.12,1696.24
694,Sierra Leone,SLE,2007,44.52,156.04,453.15,1540.29
695,Sierra Leone,SLE,2008,58.04,156.4,465.75,1516.81
696,Sierra Leone,SLE,2009,57.6,159.56,475.83,1558.01
697,Sierra Leone,SLE,2010,57.8,161.24,499.05,1556.91
698,Sierra Leone,SLE,2011,59.76,164.68,502.65,1607.91
699,Slovakia,SVK,2007,134.08,150.92,909.81,1599.19
700,Slovakia,SVK,2008,139.68,154.04,875.34,1694.94
701,Slovakia,SVK,2009,144.16,145.96,973.8,1635.08
702,Slovakia,SVK,2010,145.32,149.72,999.54,1655.42
703,Slovakia,SVK,2011,145.48,153.16,1006.02,1636.34
704,Slovenia,SVN,2007,227.72,165.32,1076.4,1673.56
705,Slovenia,SVN,2008,239.84,166.8,1097.1,1652.26
706,Slovenia,SVN,2009,238.4,169.32,1096.83,1674.45
707,Slovenia,SVN,2010,232.96,168.88,1095.75,1678.41
708,Slovenia,SVN,2011,223.24,172.4,1074.96,1694.4
709,Solomon Islands,SLB,2007,67.0,151.4,427.86,1773.74
710,Solomon Islands,SLB,2008,66.8,150.56,429.66,1832.98
711,Solomon Islands,SLB,2009,67.92,150.8,434.7,1799.58
712,Solomon Islands,SLB,2010,66.6,153.44,438.39,1823.57
713,Solomon Islands,SLB,2011,74.96,157.24,460.26,1798.54
714,South Africa,ZAF,2007,128.6,195.56,714.42,1881.42
715,South Africa,ZAF,2008,132.88,191.84,749.97,1849.31
716,South Africa,ZAF,2009,130.68,190.84,783.36,1831.12
717,South Africa,ZAF,2010,135.0,194.32,774.18,1888.5
718,South Africa,ZAF,2011,137.24,196.64,754.92,1913.2
719,South Korea,KOR,2007,168.96,195.24,813.87,1960.93
720,South Korea,KOR,2008,174.64,197.88,833.13,1981.35
721,South Korea,KOR,2009,172.24,195.24,872.64,1962.88
722,South Korea,KOR,2010,172.76,193.8,899.91,2014.53
723,South Korea,KOR,2011,182.92,205.92,924.66,2040.5
724,Spain,ESP,2007,289.0,155.96,1325.52,1452.52
725,Spain,ESP,2008,272.36,159.96,1297.89,1477.79
726,Spain,ESP,2009,271.4,160.68,1298.52,1474.4
727,Spain,ESP,2010,269.64,158.2,1296.09,1459.07
728,Spain,ESP,2011,265.28,158.24,1299.06,1469.42
729,Sri Lanka,LKA,2007,56.16,168.96,412.56,1745.32
730,Sri Lanka,LKA,2008,55.0,164.16,402.84,1821.0
731,Sri Lanka,LKA,2009,55.88,168.96,410.58,1812.58
732,Sri Lanka,LKA,2010,61.32,165.88,405.81,1831.99
733,Sri Lanka,LKA,2011,65.32,171.8,419.94,1833.94
734,Sudan (former),,2007,123.72,176.88,627.39,1416.01
735,Sudan (former),,2008,122.44,179.84,628.83,1412.89
736,Sudan (former),,2009,120.04,175.64,638.91,1411.41
737,Sudan (former),,2010,118.88,177.48,615.78,1410.86
738,Sudan (former),,2011,119.52,180.56,622.44,1423.48
739,Suriname,SUR,2007,102.64,136.84,673.74,1756.78
740,Suriname,SUR,2008,101.24,135.0,658.17,1750.59
741,Suriname,SUR,2009,102.48,141.12,688.14,1804.26
742,Suriname,SUR,2010,117.16,139.12,734.67,1804.05
743,Suriname,SUR,2011,110.72,136.36,695.88,1769.04
744,Sweden,SWE,2007,284.68,143.52,1097.46,1563.34
745,Sweden,SWE,2008,289.28,146.44,1130.49,1561.79
746,Sweden,SWE,2009,283.64,147.0,1145.97,1549.39
747,Sweden,SWE,2010,285.16,148.8,1169.64,1547.4
748,Sweden,SWE,2011,283.08,144.16,1188.99,1540.77
749,Switzerland,CHE,2007,239.36,136.72,1400.94,1650.98
750,Switzerland,CHE,2008,239.52,134.16,1427.85,1643.47
751,Switzerland,CHE,2009,239.76,138.8,1410.3,1676.14
752,Switzerland,CHE,2010,243.08,136.12,1412.55,1656.25
753,Switzerland,CHE,2011,240.72,141.72,1426.5,1682.06
754,Taiwan,TWN,2007,182.68,178.76,1158.39,1444.17
755,Taiwan,TWN,2008,185.64,173.96,1154.61,1410.79
756,Taiwan,TWN,2009,172.8,180.28,1155.24,1429.68
757,Taiwan,TWN,2010,165.12,181.24,1142.55,1473.09
758,Taiwan,TWN,2011,173.84,180.84,1135.26,1466.06
759,Tajikistan,TJK,2007,43.16,161.4,517.77,1341.67
760,Tajikistan,TJK,2008,45.68,160.96,521.91,1353.45
761,Tajikistan,TJK,2009,45.2,163.6,519.12,1369.08
762,Tajikistan,TJK,2010,45.6,163.88,524.52,1371.0
763,Tajikistan,TJK,2011,46.24,158.64,531.9,1312.22
764,Tanzania,TZA,2007,39.28,187.8,406.71,1581.21
765,Tanzania,TZA,2008,37.08,176.76,372.15,1546.01
766,Tanzania,TZA,2009,38.48,181.96,370.44,1542.12
767,Tanzania,TZA,2010,39.28,175.8,370.44,1511.48
768,Tanzania,TZA,2011,40.2,187.76,417.78,1554.26
769,Thailand,THA,2007,96.4,141.08,561.69,1966.83
770,Thailand,THA,2008,89.64,141.08,533.07,1993.21
771,Thailand,THA,2009,91.2,141.52,516.87,1984.41
772,Thailand,THA,2010,93.64,142.76,534.87,1984.73
773,Thailand,THA,2011,96.8,140.56,545.22,1977.42
774,Timor,TLS,2007,59.48,158.16,355.05,1473.31
775,Timor,TLS,2008,62.76,157.04,371.61,1469.59
776,Timor,TLS,2009,67.24,151.96,370.98,1449.82
777,Timor,TLS,2010,67.04,157.32,378.45,1479.19
778,Timor,TLS,2011,68.44,159.48,397.35,1479.73
779,Togo,TGO,2007,26.36,185.4,409.32,1673.92
780,Togo,TGO,2008,26.04,188.12,427.14,1674.7
781,Togo,TGO,2009,28.92,189.8,432.72,1688.56
782,Togo,TGO,2010,33.8,190.2,450.81,1695.19
783,Togo,TGO,2011,35.52,187.12,454.68,1705.68
784,Trinidad and Tobago,TTO,2007,145.12,145.48,756.54,1797.86
785,Trinidad and Tobago,TTO,2008,139.92,149.92,719.01,1819.15
786,Trinidad and Tobago,TTO,2009,149.88,148.0,727.38,1815.74
787,Trinidad and Tobago,TTO,2010,156.08,152.0,740.7,1792.22
788,Trinidad and Tobago,TTO,2011,158.36,154.08,774.0,1819.56
789,Tunisia,TUN,2007,101.44,268.92,766.8,2114.84
790,Tunisia,TUN,2008,103.4,263.84,852.03,2082.73
791,Tunisia,TUN,2009,102.8,280.28,780.75,2171.17
792,Tunisia,TUN,2010,105.72,285.6,772.92,2161.76
793,Tunisia,TUN,2011,102.64,289.8,783.99,2183.57
794,Turkey,TUR,2007,115.84,294.84,1021.59,2197.73
795,Turkey,TUR,2008,110.64,291.48,992.97,2199.91
796,Turkey,TUR,2009,112.48,290.4,1012.5,2205.62
797,Turkey,TUR,2010,122.2,291.76,1023.84,2212.2
798,Turkey,TUR,2011,129.56,288.28,1085.58,2170.58
799,Turkmenistan,TKM,2007,158.04,217.6,711.54,1813.82
800,Turkmenistan,TKM,2008,156.36,214.56,731.25,1769.83
801,Turkmenistan,TKM,2009,156.96,213.88,750.15,1753.01
802,Turkmenistan,TKM,2010,155.28,211.32,769.68,1729.72
803,Turkmenistan,TKM,2011,154.88,212.08,744.12,1739.92
804,Uganda,UGA,2007,51.84,149.96,388.44,1621.76
805,Uganda,UGA,2008,49.96,165.8,412.02,1549.22
806,Uganda,UGA,2009,51.4,167.4,419.85,1555.35
807,Uganda,UGA,2010,51.64,166.52,435.33,1546.51
808,Uganda,UGA,2011,51.64,168.68,449.82,1507.86
809,Ukraine,UKR,2007,170.28,184.0,853.83,2044.89
810,Ukraine,UKR,2008,180.2,185.44,872.82,2058.54
811,Ukraine,UKR,2009,170.4,179.28,854.37,1969.95
812,Ukraine,UKR,2010,167.72,178.68,833.76,1959.84
813,Ukraine,UKR,2011,167.56,184.16,815.67,2009.61
814,United Arab Emirates,ARE,2007,199.6,225.28,753.93,2007.19
815,United Arab Emirates,ARE,2008,206.88,218.28,803.07,1920.77
816,United Arab Emirates,ARE,2009,179.04,236.16,800.73,1954.07
817,United Arab Emirates,ARE,2010,154.44,235.96,786.06,1984.54
818,United Arab Emirates,ARE,2011,150.64,251.28,817.11,1990.97
819,United Kingdom,GBR,2007,238.2,179.6,1267.56,1731.64
820,United Kingdom,GBR,2008,230.76,180.76,1261.26,1749.22
821,United Kingdom,GBR,2009,230.36,178.0,1257.66,1745.98
822,United Kingdom,GBR,2010,231.72,176.52,1280.79,1714.97
823,United Kingdom,GBR,2011,234.28,177.44,1243.26,1762.02
824,United States,USA,2007,295.88,163.52,1468.62,1828.98
825,United States,USA,2008,290.32,161.24,1452.33,1796.11
826,United States,USA,2009,284.72,158.88,1433.25,1768.15
827,United States,USA,2010,283.6,158.92,1439.37,1768.11
828,United States,USA,2011,278.24,156.24,1455.3,1759.22
829,Uruguay,URY,2007,185.96,151.12,859.77,1693.15
830,Uruguay,URY,2008,204.64,153.08,914.13,1686.15
831,Uruguay,URY,2009,198.36,153.16,915.21,1710.27
832,Uruguay,URY,2010,198.32,152.4,929.61,1703.67
833,Uruguay,URY,2011,207.68,151.08,941.4,1711.84
834,Uzbekistan,UZB,2007,104.2,189.52,604.71,1682.57
835,Uzbekistan,UZB,2008,104.04,202.72,601.38,1688.86
836,Uzbekistan,UZB,2009,106.16,205.64,589.86,1703.34
837,Uzbekistan,UZB,2010,108.12,208.16,606.15,1725.57
838,Uzbekistan,UZB,2011,114.64,210.24,637.65,1731.47
839,Vanuatu,VUT,2007,112.4,160.56,907.2,1678.84
840,Vanuatu,VUT,2008,118.0,157.6,911.52,1676.88
841,Vanuatu,VUT,2009,112.92,160.44,913.95,1676.69
842,Vanuatu,VUT,2010,111.92,160.2,918.72,1665.16
843,Vanuatu,VUT,2011,111.8,157.16,938.34,1633.7
844,Venezuela,VEN,2007,141.64,139.96,692.37,1633.03
845,Venezuela,VEN,2008,165.76,149.24,793.53,1699.47
846,Venezuela,VEN,2009,161.76,154.2,792.63,1749.41
847,Venezuela,VEN,2010,158.4,151.96,777.15,1717.49
848,Venezuela,VEN,2011,163.52,149.72,785.43,1704.33
849,Vietnam,VNM,2007,99.64,175.68,551.52,1721.16
850,Vietnam,VNM,2008,104.64,179.36,582.39,1748.61
851,Vietnam,VNM,2009,116.92,177.84,618.39,1724.85
852,Vietnam,VNM,2010,119.44,185.48,624.15,1748.93
853,Vietnam,VNM,2011,127.16,188.4,651.06,1749.38
854,Yemen,YEM,2007,49.88,177.4,430.11,1498.61
855,Yemen,YEM,2008,47.56,176.2,405.0,1505.24
856,Yemen,YEM,2009,53.64,179.68,391.59,1535.09
857,Yemen,YEM,2010,49.32,185.4,388.53,1573.75
858,Yemen,YEM,2011,49.68,182.48,393.21,1580.63
859,Zambia,ZMB,2007,37.24,144.4,303.39,1295.97
860,Zambia,ZMB,2008,35.88,155.48,320.49,1289.15
861,Zambia,ZMB,2009,38.0,161.68,358.74,1319.58
862,Zambia,ZMB,2010,39.16,171.36,378.45,1315.03
863,Zambia,ZMB,2011,37.88,174.56,375.57,1318.99
864,Zimbabwe,ZWE,2007,44.52,162.84,498.06,1403.58
865,Zimbabwe,ZWE,2008,44.56,158.28,522.27,1368.89
866,Zimbabwe,ZWE,2009,48.64,162.16,531.72,1404.48
867,Zimbabwe,ZWE,2010,49.16,161.72,531.45,1425.67
868,Zimbabwe,ZWE,2011,51.4,159.2,537.66,1451.74
